ID,Age,Price,Category of Spend,Fraud,Predicted_Fraud
1,56,748,Travel,,No
2,69,830,Entertainment,,No
3,46,24,Groceries,,No
4,32,201,Entertainment,,No
5,60,994,Groceries,,No
6,25,640,Electronics,,Yes
7,38,494,Groceries,,No
8,56,53,Entertainment,,Yes
9,42,702,Entertainment,,No
10,42,48,Entertainment,,Yes
11,28,930,Electronics,,No
12,28,282,Electronics,,No
13,41,240,Travel,,No
14,53,95,Entertainment,,No
15,57,483,Groceries,,No
16,41,135,Electronics,,No
17,21,821,Entertainment,,No
18,39,546,Entertainment,,No
19,19,154,Electronics,,No
20,41,500,Travel,,No
21,61,221,Electronics,,No
22,47,34,Electronics,,No
23,55,589,Groceries,,Yes
24,19,450,Groceries,,No
25,38,76,Travel,,No
26,53,242,Entertainment,,No
27,29,118,Electronics,,No
28,39,155,Travel,,No
29,61,120,Groceries,,No
30,42,253,Electronics,,No
31,66,120,Entertainment,,No
32,44,479,Groceries,,Yes
33,59,43,Groceries,,No
34,45,632,Groceries,,Yes
35,33,785,Travel,,No
36,32,945,Entertainment,,No
37,64,538,Electronics,,No
38,68,757,Travel,,No
39,61,604,Travel,,No
40,69,563,Travel,,No
41,21,434,Groceries,,No
42,54,622,Entertainment,,No
43,68,527,Travel,,No
44,24,701,Electronics,,Yes
45,38,291,Entertainment,,No
46,26,329,Electronics,,No
47,56,747,Entertainment,,No
48,35,452,Electronics,,No
49,21,961,Groceries,,No
50,42,324,Travel,,No
51,31,886,Electronics,,No
52,67,975,Entertainment,,Yes
53,26,750,Travel,,Yes
54,43,386,Travel,,No
55,19,298,Entertainment,,No
56,37,446,Electronics,,No
57,45,671,Groceries,,No
58,64,286,Groceries,,No
59,24,719,Electronics,,No
60,61,591,Travel,,No
61,25,512,Travel,,No
62,64,633,Travel,,No
63,52,525,Travel,,No
64,31,359,Electronics,,No
65,34,852,Travel,,No
66,53,455,Entertainment,,No
67,67,839,Travel,,No
68,57,359,Groceries,,No
69,21,616,Travel,,No
70,19,673,Electronics,,No
71,23,832,Groceries,,No
72,59,146,Electronics,,No
73,21,768,Electronics,,No
74,46,908,Groceries,,No
75,35,252,Electronics,,No
76,43,552,Electronics,,No
77,61,49,Travel,,No
78,51,238,Entertainment,,No
79,27,557,Electronics,,No
80,53,929,Electronics,,No
81,31,232,Electronics,,No
82,48,15,Travel,,No
83,65,331,Entertainment,,No
84,32,477,Groceries,,No
85,25,741,Travel,,No
86,31,84,Travel,,No
87,42,13,Entertainment,,Yes
88,57,856,Entertainment,,No
89,38,655,Travel,,No
90,33,127,Groceries,,No
91,62,890,Travel,,No
92,35,615,Entertainment,,No
93,64,513,Groceries,,No
94,41,956,Entertainment,,No
95,43,583,Groceries,,No
96,42,450,Electronics,,No
97,62,203,Entertainment,,No
98,58,856,Entertainment,,No
99,46,724,Travel,,No
100,32,401,Entertainment,,No
101,62,35,Entertainment,,Yes
102,18,444,Electronics,,No
103,42,182,Entertainment,,No
104,24,309,Electronics,,No
105,26,654,Electronics,,No
106,41,335,Electronics,,No
107,18,419,Electronics,,No
108,61,127,Groceries,,No
109,25,845,Travel,,No
110,41,796,Groceries,,No
111,28,733,Entertainment,,No
112,68,234,Groceries,,No
113,34,541,Groceries,,No
114,25,122,Entertainment,,No
115,52,149,Entertainment,,No
116,52,568,Entertainment,,No
117,53,10,Groceries,,No
118,22,99,Groceries,,No
119,59,663,Entertainment,,No
120,56,329,Travel,,No
121,58,559,Travel,,No
122,45,814,Electronics,,No
123,24,903,Entertainment,,Yes
124,26,148,Electronics,,No
125,25,520,Travel,,No
126,29,877,Electronics,,No
127,51,854,Entertainment,,No
128,53,268,Entertainment,,No
129,65,682,Entertainment,,No
130,42,911,Groceries,,No
131,41,699,Electronics,,No
132,54,19,Travel,,No
133,52,270,Travel,,No
134,61,928,Travel,,No
135,57,659,Groceries,,No
136,39,181,Groceries,,No
137,44,907,Entertainment,,No
138,52,22,Travel,,No
139,18,177,Groceries,,Yes
140,52,651,Entertainment,,No
141,54,605,Travel,,No
142,64,330,Electronics,,No
143,31,328,Entertainment,,No
144,21,622,Groceries,,No
145,18,338,Groceries,,Yes
146,22,794,Entertainment,,No
147,43,786,Entertainment,,No
148,31,980,Groceries,,No
149,56,920,Electronics,,No
150,44,929,Travel,,No
151,26,559,Electronics,,No
152,32,428,Entertainment,,No
153,32,615,Electronics,,No
154,43,104,Groceries,,No
155,59,826,Entertainment,,No
156,30,590,Travel,,No
157,68,327,Groceries,,Yes
158,49,965,Groceries,,No
159,56,245,Travel,,No
160,66,955,Travel,,No
161,69,343,Electronics,,No
162,49,894,Entertainment,,No
163,21,385,Travel,,No
164,47,468,Travel,,No
165,54,146,Entertainment,,No
166,42,939,Travel,,No
167,56,597,Travel,,No
168,62,556,Electronics,,No
169,32,522,Groceries,,No
170,60,305,Groceries,,No
171,46,329,Groceries,,No
172,53,927,Groceries,,No
173,30,581,Travel,,No
174,49,841,Entertainment,,No
175,24,358,Entertainment,,No
176,68,849,Electronics,,No
177,39,788,Electronics,,No
178,45,882,Travel,,No
179,19,238,Entertainment,,No
180,59,279,Entertainment,,No
181,62,853,Groceries,,No
182,23,807,Travel,,Yes
183,45,300,Travel,,No
184,45,734,Groceries,,No
185,61,174,Travel,,Yes
186,61,14,Travel,,No
187,37,860,Electronics,,No
188,47,388,Entertainment,,No
189,28,87,Travel,,No
190,45,419,Electronics,,No
191,42,583,Entertainment,,No
192,56,141,Groceries,,No
193,53,610,Electronics,,No
194,18,758,Electronics,,Yes
195,44,51,Entertainment,,No
196,69,98,Groceries,,No
197,30,411,Electronics,,No
198,58,305,Travel,,No
199,21,849,Travel,,No
200,56,304,Travel,,No
201,23,625,Groceries,,No
202,25,535,Electronics,,No
203,44,809,Travel,,No
204,26,700,Groceries,,No
205,54,646,Travel,,No
206,53,431,Entertainment,,No
207,68,874,Electronics,,Yes
208,59,32,Electronics,,No
209,61,584,Groceries,,No
210,41,152,Groceries,,No
211,32,674,Electronics,,No
212,49,154,Travel,,No
213,49,234,Travel,,No
214,41,512,Entertainment,,No
215,58,971,Travel,,Yes
216,69,983,Groceries,,No
217,66,830,Groceries,,No
218,66,625,Travel,,No
219,69,113,Groceries,,No
220,29,956,Electronics,,No
221,56,48,Electronics,,No
222,19,956,Travel,,No
223,21,207,Electronics,,No
224,66,655,Electronics,,No
225,54,588,Entertainment,,No
226,66,400,Entertainment,,Yes
227,34,188,Electronics,,No
228,66,977,Travel,,No
229,19,563,Entertainment,,No
230,19,457,Groceries,,No
231,45,509,Groceries,,No
232,42,24,Groceries,,No
233,54,632,Travel,,No
234,49,678,Electronics,,No
235,53,298,Groceries,,No
236,18,487,Travel,,No
237,42,240,Entertainment,,No
238,19,932,Electronics,,No
239,61,429,Entertainment,,No
240,43,166,Travel,,No
241,49,559,Groceries,,No
242,23,450,Groceries,,No
243,49,106,Travel,,No
244,21,420,Groceries,,No
245,28,960,Electronics,,No
246,34,298,Travel,,No
247,55,263,Entertainment,,No
248,41,205,Travel,,No
249,22,607,Electronics,,No
250,69,843,Electronics,,No
251,51,531,Travel,,No
252,23,526,Travel,,No
253,39,644,Groceries,,No
254,28,851,Electronics,,No
255,65,874,Travel,,No
256,33,127,Travel,,No
257,53,815,Electronics,,No
258,26,918,Travel,,No
259,23,168,Groceries,,No
260,33,824,Electronics,,No
261,46,253,Groceries,,No
262,21,886,Groceries,,No
263,37,225,Groceries,,No
264,53,957,Groceries,,No
265,42,705,Electronics,,Yes
266,43,24,Groceries,,No
267,21,166,Groceries,,No
268,42,657,Travel,,No
269,37,270,Electronics,,No
270,49,166,Electronics,,No
271,24,56,Entertainment,,No
272,69,333,Electronics,,No
273,58,853,Electronics,,No
274,53,694,Entertainment,,No
275,57,139,Electronics,,No
276,56,420,Electronics,,No
277,35,104,Electronics,,No
278,57,636,Electronics,,No
279,18,764,Entertainment,,No
280,28,941,Electronics,,No
281,45,301,Electronics,,No
282,42,803,Entertainment,,No
283,67,820,Travel,,No
284,42,292,Groceries,,No
285,48,78,Travel,,No
286,47,669,Entertainment,,No
287,59,20,Groceries,,No
288,52,263,Entertainment,,No
289,24,851,Entertainment,,No
290,33,881,Electronics,,No
291,43,559,Groceries,,No
292,65,143,Electronics,,No
293,69,721,Groceries,,Yes
294,66,32,Entertainment,,No
295,19,824,Entertainment,,No
296,18,355,Travel,,No
297,65,311,Groceries,,No
298,29,532,Electronics,,No
299,22,405,Travel,,No
300,54,227,Travel,,No
301,49,150,Travel,,No
302,26,625,Electronics,,No
303,58,967,Travel,,No
304,52,219,Electronics,,No
305,42,994,Travel,,No
306,65,632,Electronics,,No
307,33,625,Entertainment,,No
308,21,853,Entertainment,,No
309,37,692,Entertainment,,No
310,41,469,Entertainment,,No
311,53,365,Entertainment,,No
312,41,333,Travel,,No
313,69,142,Travel,,No
314,28,897,Travel,,No
315,66,814,Electronics,,No
316,25,849,Electronics,,No
317,53,136,Electronics,,No
318,55,115,Electronics,,No
319,57,613,Entertainment,,Yes
320,37,808,Entertainment,,No
321,52,387,Entertainment,,Yes
322,65,914,Groceries,,Yes
323,42,60,Travel,,No
324,52,38,Electronics,,No
325,42,471,Electronics,,No
326,46,305,Entertainment,,No
327,35,306,Electronics,,No
328,63,735,Electronics,,Yes
329,35,788,Travel,,No
330,19,416,Entertainment,,No
331,52,778,Travel,,Yes
332,33,823,Groceries,,No
333,58,622,Groceries,,Yes
334,53,414,Groceries,,Yes
335,53,355,Entertainment,,Yes
336,21,631,Electronics,,Yes
337,53,429,Entertainment,,No
338,31,191,Entertainment,,No
339,38,992,Electronics,,No
340,65,834,Travel,,No
341,37,10,Groceries,,No
342,25,840,Travel,,Yes
343,24,959,Groceries,,No
344,21,576,Entertainment,,Yes
345,34,380,Groceries,,No
346,53,945,Entertainment,,No
347,65,920,Travel,,No
348,29,670,Entertainment,,No
349,68,440,Travel,,No
350,39,978,Electronics,,No
351,39,318,Electronics,,No
352,63,146,Electronics,,No
353,47,211,Entertainment,,No
354,55,445,Electronics,,No
355,55,322,Groceries,,No
356,62,126,Travel,,No
357,68,675,Travel,,No
358,25,946,Groceries,,No
359,44,812,Entertainment,,No
360,44,584,Entertainment,,No
361,51,253,Travel,,No
362,38,546,Electronics,,No
363,47,611,Entertainment,,No
364,53,84,Entertainment,,No
365,45,815,Groceries,,No
366,64,395,Groceries,,No
367,53,912,Electronics,,No
368,22,219,Entertainment,,No
369,65,484,Entertainment,,No
370,42,427,Groceries,,No
371,21,356,Entertainment,,No
372,52,538,Travel,,No
373,66,649,Groceries,,No
374,34,948,Electronics,,No
375,61,964,Groceries,,No
376,45,885,Entertainment,,No
377,47,772,Electronics,,No
378,46,188,Groceries,,No
379,63,191,Travel,,No
380,23,673,Travel,,No
381,52,34,Groceries,,No
382,58,976,Travel,,No
383,54,189,Travel,,No
384,41,719,Travel,,No
385,46,510,Electronics,,Yes
386,66,865,Travel,,No
387,63,170,Travel,,No
388,48,186,Travel,,No
389,52,294,Electronics,,No
390,53,72,Groceries,,No
391,69,671,Entertainment,,No
392,38,675,Travel,,No
393,49,165,Groceries,,No
394,42,891,Travel,,No
395,53,478,Electronics,,No
396,21,58,Groceries,,No
397,35,976,Electronics,,No
398,42,858,Travel,,No
399,59,93,Travel,,No
400,48,530,Electronics,,No
401,21,698,Entertainment,,Yes
402,57,157,Electronics,,No
403,63,639,Travel,,No
404,41,351,Electronics,,No
405,67,485,Entertainment,,No
406,49,72,Electronics,,No
407,64,710,Entertainment,,No
408,39,369,Entertainment,,No
409,42,570,Electronics,,No
410,19,336,Electronics,,No
411,44,778,Groceries,,No
412,59,745,Travel,,No
413,19,150,Entertainment,,No
414,43,999,Groceries,,No
415,34,224,Electronics,,No
416,57,444,Travel,,No
417,53,900,Groceries,,No
418,26,961,Entertainment,,No
419,60,732,Groceries,,No
420,65,327,Entertainment,,No
421,56,41,Electronics,,No
422,46,679,Travel,,No
423,59,294,Travel,,No
424,43,314,Travel,,No
425,52,438,Electronics,,No
426,67,486,Entertainment,,No
427,42,295,Electronics,,Yes
428,41,153,Travel,,No
429,30,433,Electronics,,No
430,24,28,Electronics,,No
431,53,27,Electronics,,No
432,62,778,Entertainment,,No
433,37,599,Groceries,,No
434,18,380,Groceries,,No
435,25,184,Electronics,,Yes
436,63,203,Groceries,,No
437,33,511,Groceries,,No
438,31,997,Electronics,,No
439,29,122,Electronics,,Yes
440,68,123,Travel,,No
441,42,231,Groceries,,No
442,32,687,Entertainment,,No
443,45,956,Electronics,,No
444,51,840,Travel,,No
445,19,653,Entertainment,,No
446,49,906,Groceries,,Yes
447,42,273,Travel,,No
448,39,934,Electronics,,No
449,68,64,Entertainment,,No
450,42,880,Electronics,,Yes
451,39,652,Groceries,,No
452,39,809,Entertainment,,No
453,66,787,Groceries,,No
454,69,467,Groceries,,No
455,59,988,Travel,,No
456,23,887,Electronics,,No
457,32,171,Entertainment,,Yes
458,60,389,Groceries,,No
459,54,96,Groceries,,No
460,53,64,Entertainment,,No
461,25,485,Groceries,,No
462,61,809,Travel,,No
463,61,187,Travel,,No
464,22,400,Travel,,No
465,56,358,Travel,,No
466,21,17,Groceries,,No
467,23,842,Entertainment,,No
468,62,322,Entertainment,,No
469,49,768,Entertainment,,No
470,69,844,Entertainment,,No
471,47,993,Electronics,,No
472,64,992,Entertainment,,No
473,52,452,Electronics,,No
474,57,776,Electronics,,No
475,69,353,Travel,,No
476,33,63,Electronics,,No
477,30,770,Groceries,,No
478,67,248,Electronics,,Yes
479,59,238,Travel,,Yes
480,47,588,Electronics,,No
481,42,60,Groceries,,No
482,34,618,Groceries,,No
483,42,613,Groceries,,No
484,45,273,Travel,,No
485,43,427,Travel,,No
486,54,812,Entertainment,,No
487,43,105,Travel,,No
488,42,97,Groceries,,No
489,26,87,Groceries,,No
490,29,297,Travel,,No
491,18,129,Electronics,,No
492,18,823,Travel,,No
493,64,500,Travel,,No
494,51,921,Groceries,,No
495,49,461,Entertainment,,No
496,65,509,Groceries,,No
497,42,174,Entertainment,,No
498,57,191,Groceries,,No
499,62,478,Travel,,Yes
500,18,919,Groceries,,No
501,33,744,Groceries,,No
502,56,832,Groceries,,No
503,22,953,Travel,,No
504,39,987,Travel,,No
505,46,16,Travel,,No
506,21,339,Travel,,No
507,29,784,Entertainment,,No
508,43,682,Entertainment,,No
509,33,160,Electronics,,No
510,68,94,Travel,,No
511,54,156,Entertainment,,No
512,39,633,Groceries,,Yes
513,46,390,Travel,,No
514,31,924,Electronics,,No
515,45,557,Electronics,,No
516,22,294,Electronics,,Yes
517,64,709,Groceries,,No
518,66,91,Entertainment,,No
519,47,523,Groceries,,No
520,63,906,Travel,,No
521,69,824,Electronics,,Yes
522,22,718,Groceries,,No
523,29,925,Groceries,,No
524,33,532,Entertainment,,No
525,43,755,Entertainment,,No
526,43,395,Electronics,,No
527,65,716,Groceries,,No
528,38,480,Groceries,,Yes
529,56,128,Entertainment,,No
530,53,405,Groceries,,No
531,53,541,Groceries,,No
532,47,270,Groceries,,No
533,54,814,Entertainment,,No
534,42,943,Electronics,,Yes
535,27,265,Travel,,No
536,22,743,Electronics,,Yes
537,53,914,Travel,,No
538,51,235,Groceries,,Yes
539,69,62,Electronics,,No
540,48,949,Travel,,No
541,27,876,Entertainment,,No
542,42,509,Entertainment,,No
543,49,515,Electronics,,No
544,18,863,Electronics,,Yes
545,22,533,Groceries,,No
546,62,289,Electronics,,No
547,21,602,Groceries,,No
548,33,702,Groceries,,Yes
549,41,167,Entertainment,,No
550,33,641,Entertainment,,Yes
551,19,68,Travel,,No
552,66,736,Entertainment,,No
553,45,153,Entertainment,,No
554,49,745,Electronics,,No
555,44,730,Entertainment,,Yes
556,37,891,Travel,,No
557,41,124,Electronics,,No
558,29,218,Travel,,No
559,67,535,Entertainment,,No
560,52,530,Travel,,No
561,53,561,Electronics,,No
562,53,971,Groceries,,No
563,68,246,Travel,,No
564,60,290,Travel,,No
565,54,368,Electronics,,No
566,29,210,Electronics,,No
567,21,767,Travel,,Yes
568,18,287,Entertainment,,No
569,53,244,Travel,,Yes
570,57,503,Electronics,,No
571,27,13,Groceries,,No
572,60,675,Groceries,,No
573,61,451,Entertainment,,Yes
574,46,38,Travel,,No
575,30,118,Groceries,,No
576,29,619,Travel,,No
577,48,736,Electronics,,Yes
578,63,814,Groceries,,No
579,19,84,Entertainment,,No
580,68,847,Electronics,,No
581,67,155,Entertainment,,No
582,52,153,Electronics,,No
583,42,862,Groceries,,No
584,34,51,Entertainment,,Yes
585,43,365,Entertainment,,No
586,25,50,Electronics,,No
587,46,943,Entertainment,,No
588,43,43,Electronics,,No
589,27,26,Electronics,,No
590,43,686,Electronics,,Yes
591,51,162,Electronics,,No
592,68,387,Groceries,,No
593,58,597,Electronics,,No
594,24,608,Travel,,No
595,21,638,Entertainment,,No
596,67,883,Travel,,No
597,62,351,Groceries,,No
598,28,990,Travel,,No
599,46,36,Entertainment,,Yes
600,53,834,Travel,,Yes
601,42,296,Groceries,,Yes
602,38,655,Electronics,,No
603,53,740,Travel,,Yes
604,27,177,Groceries,,Yes
605,54,619,Groceries,,No
606,26,277,Entertainment,,No
607,41,758,Entertainment,,No
608,52,830,Travel,,No
609,66,464,Electronics,,No
610,52,915,Groceries,,No
611,65,694,Travel,,No
612,53,410,Groceries,,No
613,35,931,Groceries,,No
614,66,990,Electronics,,No
615,56,485,Electronics,,No
616,49,711,Travel,,No
617,41,643,Electronics,,No
618,42,567,Electronics,,No
619,49,585,Travel,,No
620,54,139,Electronics,,No
621,29,831,Entertainment,,No
622,66,532,Groceries,,No
623,30,714,Groceries,,No
624,42,828,Groceries,,No
625,42,702,Groceries,,No
626,52,301,Travel,,Yes
627,58,380,Groceries,,No
628,47,803,Groceries,,No
629,34,38,Groceries,,No
630,66,158,Groceries,,No
631,37,788,Entertainment,,No
632,65,305,Groceries,,No
633,42,20,Entertainment,,No
634,39,521,Travel,,No
635,30,685,Electronics,,No
636,42,122,Groceries,,No
637,66,196,Electronics,,No
638,53,816,Electronics,,No
639,29,753,Travel,,No
640,58,236,Electronics,,No
641,42,319,Entertainment,,No
642,29,107,Electronics,,No
643,26,64,Electronics,,No
644,24,632,Electronics,,No
645,45,673,Groceries,,No
646,31,767,Groceries,,No
647,48,415,Entertainment,,No
648,69,78,Entertainment,,No
649,42,321,Groceries,,No
650,64,298,Entertainment,,No
651,33,771,Groceries,,No
652,22,557,Travel,,No
653,52,760,Electronics,,No
654,29,157,Electronics,,No
655,42,476,Entertainment,,No
656,69,748,Groceries,,No
657,38,253,Groceries,,No
658,53,500,Entertainment,,No
659,42,858,Groceries,,Yes
660,33,967,Travel,,No
661,56,516,Electronics,,No
662,62,500,Entertainment,,Yes
663,59,491,Entertainment,,No
664,56,210,Groceries,,No
665,31,163,Entertainment,,No
666,48,459,Travel,,No
667,22,510,Groceries,,No
668,52,82,Groceries,,No
669,42,722,Groceries,,No
670,46,305,Groceries,,No
671,60,26,Travel,,No
672,28,650,Groceries,,No
673,35,226,Entertainment,,No
674,64,70,Travel,,Yes
675,29,948,Electronics,,No
676,26,625,Electronics,,No
677,27,51,Entertainment,,Yes
678,61,34,Entertainment,,Yes
679,34,48,Travel,,No
680,55,812,Electronics,,No
681,24,140,Electronics,,No
682,63,507,Electronics,,No
683,30,238,Electronics,,Yes
684,57,117,Electronics,,No
685,59,181,Groceries,,No
686,26,444,Entertainment,,No
687,67,487,Groceries,,No
688,44,111,Electronics,,No
689,19,875,Travel,,No
690,22,533,Travel,,No
691,46,284,Electronics,,No
692,54,622,Electronics,,No
693,55,53,Travel,,No
694,42,964,Groceries,,No
695,25,826,Groceries,,No
696,65,966,Electronics,,No
697,62,26,Groceries,,No
698,18,339,Travel,,No
699,39,578,Groceries,,No
700,69,832,Electronics,,No
701,34,506,Travel,,No
702,24,824,Groceries,,No
703,42,21,Entertainment,,No
704,62,327,Travel,,No
705,21,601,Travel,,No
706,53,225,Entertainment,,No
707,23,348,Entertainment,,No
708,48,785,Travel,,No
709,42,670,Entertainment,,No
710,61,90,Electronics,,No
711,56,736,Electronics,,No
712,44,494,Electronics,,No
713,27,383,Travel,,No
714,43,985,Entertainment,,No
715,42,719,Entertainment,,No
716,56,209,Groceries,,Yes
717,21,546,Groceries,,No
718,62,475,Entertainment,,Yes
719,30,98,Entertainment,,No
720,67,277,Entertainment,,Yes
721,45,664,Travel,,No
722,37,580,Entertainment,,Yes
723,45,931,Groceries,,No
724,25,498,Travel,,No
725,58,886,Entertainment,,No
726,56,547,Groceries,,No
727,18,56,Travel,,No
728,21,297,Entertainment,,No
729,30,787,Entertainment,,Yes
730,45,25,Entertainment,,No
731,66,720,Travel,,Yes
732,42,410,Groceries,,Yes
733,53,928,Groceries,,No
734,55,803,Electronics,,No
735,23,990,Entertainment,,No
736,61,95,Electronics,,No
737,62,259,Electronics,,No
738,49,400,Groceries,,Yes
739,62,791,Travel,,Yes
740,64,344,Travel,,No
741,38,638,Groceries,,Yes
742,33,528,Travel,,No
743,38,146,Electronics,,No
744,28,830,Entertainment,,No
745,54,697,Groceries,,Yes
746,53,849,Entertainment,,No
747,52,507,Travel,,No
748,42,836,Entertainment,,No
749,37,736,Travel,,No
750,35,486,Travel,,No
751,64,603,Electronics,,No
752,58,232,Travel,,No
753,66,999,Electronics,,No
754,31,381,Electronics,,No
755,32,944,Electronics,,No
756,48,411,Groceries,,No
757,18,452,Groceries,,No
758,21,499,Travel,,No
759,33,624,Electronics,,No
760,42,282,Groceries,,No
761,28,535,Electronics,,No
762,29,168,Entertainment,,No
763,27,161,Entertainment,,No
764,49,629,Entertainment,,No
765,33,197,Travel,,No
766,25,822,Electronics,,No
767,55,107,Entertainment,,No
768,29,140,Groceries,,No
769,41,814,Entertainment,,No
770,45,180,Entertainment,,No
771,25,945,Entertainment,,No
772,45,995,Travel,,No
773,53,192,Groceries,,No
774,43,992,Electronics,,No
775,25,533,Groceries,,No
776,67,48,Electronics,,No
777,45,536,Travel,,No
778,45,897,Travel,,Yes
779,54,506,Travel,,No
780,58,525,Travel,,No
781,53,358,Electronics,,Yes
782,44,991,Entertainment,,No
783,34,930,Electronics,,No
784,26,406,Groceries,,No
785,53,731,Travel,,Yes
786,37,170,Travel,,No
787,30,25,Groceries,,No
788,45,502,Electronics,,No
789,65,435,Entertainment,,No
790,46,117,Entertainment,,No
791,30,903,Groceries,,No
792,63,459,Entertainment,,No
793,52,320,Electronics,,No
794,23,748,Electronics,,No
795,35,179,Groceries,,No
796,68,555,Electronics,,No
797,22,423,Travel,,No
798,64,260,Groceries,,No
799,42,768,Electronics,,No
800,19,790,Groceries,,No
801,27,150,Entertainment,,No
802,47,283,Electronics,,No
803,67,425,Travel,,No
804,62,617,Electronics,,No
805,22,748,Groceries,,No
806,53,900,Groceries,,No
807,18,48,Electronics,,No
808,35,823,Travel,,No
809,49,38,Travel,,No
810,64,967,Travel,,No
811,66,486,Groceries,,No
812,28,327,Electronics,,Yes
813,38,254,Entertainment,,No
814,43,757,Groceries,,No
815,42,706,Travel,,No
816,39,281,Electronics,,No
817,44,449,Travel,,No
818,66,757,Entertainment,,No
819,30,248,Travel,,No
820,53,386,Travel,,No
821,51,275,Entertainment,,No
822,58,935,Electronics,,No
823,52,930,Groceries,,No
824,18,368,Electronics,,No
825,38,349,Entertainment,,No
826,65,398,Travel,,No
827,23,586,Electronics,,No
828,45,999,Groceries,,No
829,34,698,Entertainment,,No
830,22,12,Electronics,,No
831,48,438,Groceries,,Yes
832,22,151,Entertainment,,No
833,55,385,Groceries,,No
834,21,679,Entertainment,,No
835,42,333,Travel,,No
836,54,155,Electronics,,No
837,54,967,Groceries,,No
838,27,302,Entertainment,,Yes
839,27,674,Groceries,,No
840,42,441,Groceries,,No
841,34,714,Electronics,,No
842,38,958,Travel,,No
843,31,984,Groceries,,No
844,26,594,Entertainment,,No
845,63,408,Entertainment,,No
846,18,826,Travel,,No
847,68,898,Entertainment,,No
848,62,353,Travel,,No
849,30,973,Entertainment,,No
850,21,149,Electronics,,No
851,18,196,Groceries,,Yes
852,66,814,Electronics,,Yes
853,57,70,Groceries,,No
854,49,948,Groceries,,No
855,51,389,Groceries,,No
856,45,719,Electronics,,No
857,48,816,Groceries,,No
858,25,449,Electronics,,Yes
859,56,328,Travel,,No
860,43,311,Entertainment,,No
861,51,353,Entertainment,,No
862,21,20,Groceries,,No
863,67,71,Electronics,,No
864,29,854,Entertainment,,Yes
865,18,235,Electronics,,No
866,61,162,Electronics,,No
867,22,720,Groceries,,No
868,47,573,Entertainment,,Yes
869,47,781,Groceries,,No
870,34,580,Groceries,,No
871,65,593,Entertainment,,No
872,64,669,Entertainment,,No
873,42,870,Travel,,No
874,32,584,Travel,,No
875,54,319,Electronics,,No
876,38,894,Entertainment,,No
877,31,252,Travel,,Yes
878,19,502,Electronics,,Yes
879,28,535,Electronics,,No
880,68,339,Electronics,,No
881,56,116,Travel,,No
882,55,235,Entertainment,,Yes
883,51,834,Groceries,,Yes
884,55,227,Electronics,,Yes
885,67,946,Travel,,No
886,51,762,Travel,,No
887,35,515,Groceries,,No
888,47,268,Groceries,,No
889,32,897,Travel,,No
890,44,783,Entertainment,,No
891,68,526,Groceries,,No
892,51,782,Travel,,No
893,69,63,Groceries,,No
894,55,56,Entertainment,,Yes
895,53,736,Electronics,,Yes
896,41,698,Groceries,,No
897,32,530,Entertainment,,No
898,47,108,Travel,,No
899,59,29,Groceries,,No
900,68,899,Groceries,,No
901,34,762,Travel,,No
902,22,582,Electronics,,No
903,46,900,Travel,,No
904,21,499,Groceries,,No
905,27,428,Travel,,No
906,34,699,Entertainment,,No
907,27,859,Travel,,No
908,34,71,Groceries,,No
909,37,154,Travel,,No
910,41,225,Electronics,,No
911,22,12,Travel,,No
912,51,169,Electronics,,No
913,23,748,Entertainment,,No
914,19,790,Electronics,,No
915,30,129,Travel,,No
916,60,902,Groceries,,No
917,60,98,Electronics,,No
918,65,338,Entertainment,,No
919,28,589,Electronics,,No
920,68,919,Electronics,,No
921,64,366,Electronics,,No
922,42,619,Entertainment,,Yes
923,33,276,Travel,,No
924,48,626,Electronics,,No
925,28,961,Electronics,,No
926,33,332,Groceries,,Yes
927,25,644,Entertainment,,No
928,21,997,Electronics,,No
929,57,550,Entertainment,,No
930,21,658,Electronics,,No
931,42,204,Travel,,No
932,21,930,Travel,,No
933,49,747,Electronics,,No
934,21,341,Travel,,No
935,44,179,Electronics,,No
936,46,530,Travel,,No
937,49,472,Groceries,,Yes
938,67,49,Groceries,,No
939,68,546,Groceries,,No
940,42,270,Entertainment,,No
941,38,404,Entertainment,,No
942,22,964,Groceries,,No
943,35,235,Entertainment,,Yes
944,45,993,Travel,,No
945,59,133,Electronics,,No
946,39,984,Electronics,,No
947,38,47,Electronics,,No
948,23,353,Groceries,,No
949,18,260,Entertainment,,No
950,22,910,Travel,,No
951,58,185,Travel,,No
952,29,611,Groceries,,No
953,43,923,Travel,,No
954,63,463,Travel,,No
955,51,46,Travel,,No
956,66,325,Travel,,No
957,31,697,Entertainment,,No
958,43,982,Travel,,No
959,62,805,Electronics,,Yes
960,44,974,Groceries,,No
961,26,982,Entertainment,,No
962,43,602,Travel,,No
963,64,123,Entertainment,,No
964,39,49,Travel,,No
965,64,310,Electronics,,No
966,47,233,Groceries,,No
967,60,327,Travel,,No
968,65,358,Travel,,No
969,34,124,Travel,,No
970,43,707,Travel,,No
971,53,332,Groceries,,No
972,18,577,Groceries,,No
973,25,49,Electronics,,Yes
974,66,875,Groceries,,No
975,52,49,Travel,,Yes
976,69,868,Electronics,,No
977,32,982,Electronics,,No
978,64,758,Electronics,,No
979,39,298,Travel,,Yes
980,31,271,Entertainment,,No
981,43,225,Travel,,No
982,45,156,Groceries,,No
983,42,345,Groceries,,No
984,31,177,Travel,,No
985,41,101,Travel,,No
986,19,362,Electronics,,No
987,62,580,Travel,,No
988,43,580,Electronics,,No
989,31,825,Groceries,,No
990,68,690,Electronics,,No
991,24,790,Travel,,No
992,21,532,Groceries,,No
993,64,566,Entertainment,,No
994,42,354,Electronics,,No
995,63,702,Groceries,,No
996,60,179,Electronics,,Yes
997,64,365,Groceries,,No
998,62,200,Groceries,,Yes
999,35,676,Electronics,,No
1000,55,431,Entertainment,,No
